accuracy_mean,accuracy_std,f1_mean,f1_std,total_time_sec,Dataset,Encoder,Centrality
0.8842105263157896,0.0541875270578263,0.8833102935628215,0.058103314293127234,3.0591938495635986,MUTAG,GraphHD,pagerank
0.8578947368421053,0.06781104593013225,0.8608204350987311,0.06882774484754683,0.803917407989502,MUTAG,GraphHD,degree
0.8421052631578947,0.033287133264930324,0.8372901640686917,0.03538889361428361,0.9389636516571045,MUTAG,GraphHD,closeness
0.8578947368421053,0.048808518397345804,0.8615435534711905,0.049443862044941424,2.1174798011779785,MUTAG,GraphOrder,pagerank
0.8578947368421053,0.03569647359539616,0.8587509176033281,0.03762725547552204,0.32894062995910645,MUTAG,GraphOrder,degree
0.8894736842105262,0.01969293361459967,0.8893912526510149,0.0196793713533148,0.48065948486328125,MUTAG,GraphOrder,closeness
