accuracy_mean,accuracy_std,f1_mean,f1_std,total_time_sec,Dataset,Encoder,Centrality
0.8421052631578947,0.0,0.8444548872180452,0.0,0.6415238380432129,MUTAG,GraphHD,pagerank
0.7894736842105263,0.0,0.7894736842105263,0.0,0.5837483406066895,MUTAG,GraphOrder,pagerank
0.7105263157894737,0.0,0.7200834073444802,0.0,0.6537425518035889,MUTAG,GraphHDLevel,pagerank
0.7631578947368421,0.0,0.7660722766719917,0.0,0.5507242679595947,MUTAG,GraphOrderLevel,pagerank
